episode,step,agent0_rew,agent1_rew
1000, 49950, -73.78378828510903, -73.78378828510903
