episode,step,total_reward
1000, 49950, -149.547558
2000, 99950, -161.611413
3000, 149950, -32.087928
4000, 199950, -19.144211
5000, 249950, -18.612870
6000, 299950, -20.091378
7000, 349950, -20.349959
8000, 399950, -23.980437
9000, 449950, -22.252373
10000, 499950, -21.125935
