step, total_reward
1000, -4150.805381
2000, -199.300120
3000, 2071.657232
4000, 420.069189
5000, -42.636507
