episode,step,total_reward
1000, 49950, -161.823182
2000, 99950, -183.203530
3000, 149950, -25.263586
4000, 199950, -22.953433
5000, 249950, -21.283684
6000, 299950, -21.772777
7000, 349950, -21.133016
8000, 399950, -21.887629
9000, 449950, -21.211708
10000, 499950, -20.290265
