episode,step,agent0_rew,agent1_rew,agent2_rew
1000, 24975, -67.31727527104918, -32.90760830743816, -34.409666963611016
2000, 49975, -82.76559906060655, -42.1046158817149, -40.66098317889165
