episode,step,total_reward
1000, 24975, -134.634551
2000, 49975, -165.531198
