episode,step,total_reward
1000, 49950, -153.622034
2000, 99950, -172.556861
3000, 149950, -33.944699
4000, 199950, -22.140233
5000, 249950, -22.134841
6000, 299950, -22.193990
7000, 349950, -20.627192
8000, 399950, -20.736686
9000, 449950, -20.576589
10000, 499950, -21.197261
