step, agent0_rew, agent1_rew, agent2_rew, agent3_rew
1000, 8.17, 8.17, 8.17, -4175.3153812568735
2000, 76.56, 76.56, 76.56, -428.9801203303794
3000, 1119.64, 1119.64, 1119.64, -1287.2627680023118
4000, 309.07, 309.07, 309.07, -507.1408108282177
5000, 39.94, 39.94, 39.94, -162.45650712265797
