step, agent0_rew, agent1_rew, agent2_rew, agent3_rew, agent4_rew, agent5_rew
1000, -305.2336404263871, -291.07586909532176, -639.3820295869888, -485.7639005769369, -10252.112151105945, -10264.653900518999
2000, -26.43372988314748, -25.127682940279506, -22.519423747326016, -11.707565155213961, -845.22128900351, -1013.2401424615078
3000, 93.48682506047105, 104.06665713096538, 94.58587349936309, 103.5806380829867, -91.54118451229725, -91.03814667940958
4000, 129.02100160119642, 140.4822421633631, 134.6126480566823, 147.6820695149329, -129.88914357064363, -174.42296449234144
5000, 280.9880621987024, 279.9840433472851, 269.95618415744013, 292.79336988677323, -41.51095677082457, -315.46028619082944
