step, total_reward
1000, -22238.221491
2000, -1944.249833
3000, 213.140663
4000, 247.485853
5000, 766.750417
