episode,step,total_reward
1000, 49950, -144.756756
2000, 99950, -150.651699
3000, 149950, -24.623756
4000, 199950, -20.855743
5000, 249950, -20.808780
6000, 299950, -20.888390
7000, 349950, -22.707322
8000, 399950, -20.742882
9000, 449950, -21.711704
10000, 499950, -20.963081
