episode,step,total_reward
1000, 49950, -154.998671
2000, 99950, -134.482701
3000, 149950, -26.535413
4000, 199950, -20.418824
5000, 249950, -20.386028
6000, 299950, -20.996588
7000, 349950, -21.666489
8000, 399950, -20.743665
9000, 449950, -20.174342
10000, 499950, -19.955051
