episode,step,agent0_rew,agent1_rew
1000, 49950, -81.03439240966348, -81.03439240966348
2000, 99950, -134.37238660816703, -134.37238660816703
3000, 149950, -69.2983144008819, -69.2983144008819
4000, 199950, -70.69387757111681, -70.69387757111681
5000, 249950, -68.79619261346754, -68.79619261346754
6000, 299950, -71.04939535011212, -71.04939535011212
7000, 349950, -63.7121800924145, -63.7121800924145
8000, 399950, -64.13265209987631, -64.13265209987631
