episode,step,total_reward
1000, 49950, -162.068785
2000, 99950, -268.744773
3000, 149950, -138.596629
4000, 199950, -141.387755
5000, 249950, -137.592385
6000, 299950, -142.098791
7000, 349950, -127.424360
8000, 399950, -128.265304
