episode, step, total_reward
1000, 26315, -52.147323
2000, 56591, -7.785951
3000, 91477, 7.362379
4000, 131626, 19.681037
5000, 177788, 24.639032
6000, 230925, 34.408763
7000, 292007, 49.484114
8000, 362267, 45.318855
9000, 443035, 64.177624
10000, 535895, 82.131523
11000, 642641, 89.036657
12000, 765327, 121.113746
13000, 906336, 392.075596
14000, 1068379, 611.488945
15000, 1254599, 328.339976
